{
    "epoch": 9.984301412872842,
    "eval_loss": 0.18844017386436462,
    "eval_runtime": 4.3248,
    "eval_samples_per_second": 12.024,
    "eval_steps_per_second": 12.024,
    "total_flos": 7.996688562473533e+17,
    "train_loss": 0.10339999800881462,
    "train_runtime": 8147.0559,
    "train_samples_per_second": 6.251,
    "train_steps_per_second": 0.195
}