{
    "epoch": 9.984301412872842,
    "eval_loss": 0.18844017386436462,
    "eval_runtime": 4.3248,
    "eval_samples_per_second": 12.024,
    "eval_steps_per_second": 12.024
}